"artist","spotify_monthly_listeners_observed","location_reported","spotify_artist_url","recent_activity_evidence","human_music_evidence","verification_status","ai_music_status","checked_date","notes"
"The Evolution","6","Victoria, Australia","https://open.spotify.com/artist/1d85cxj1K99lYTjzTuiqea","2026 EP","duo named in biography","CANDIDATE_NOT_APPROVED","NOT_INDEPENDENTLY_VERIFIED","2026-10-08","Spotify page count observed via web indexing; reconfirm live count and non-AI status before publishing"
"Joelly Group","9","Not confirmed","https://open.spotify.com/artist/152WVI0MN3MrzD4q7hjMds","2026 singles","father-daughter group","CANDIDATE_NOT_APPROVED","NOT_INDEPENDENTLY_VERIFIED","2026-10-08","Spotify page count observed via web indexing; reconfirm live count and non-AI status before publishing"
"Test Animal Park","5","Finland / Belgium","https://open.spotify.com/artist/56u4BrErMGYoorMhm8z2tx","2026 album","four named musicians","CANDIDATE_NOT_APPROVED","NOT_INDEPENDENTLY_VERIFIED","2026-10-08","Spotify page count observed via web indexing; reconfirm live count and non-AI status before publishing"
"Free Roaming Animals","5","South Coast, England","https://open.spotify.com/artist/7BKSVhqxecieEI8CThiOz0","2026 single","band described; verify members","CANDIDATE_NOT_APPROVED","NOT_INDEPENDENTLY_VERIFIED","2026-10-08","Spotify page count observed via web indexing; reconfirm live count and non-AI status before publishing"
"Van Gogh Fast","9","North London, England","https://open.spotify.com/artist/3uj0jRO2fKz3YnCNO6QsrU","2026 single","live band described","CANDIDATE_NOT_APPROVED","NOT_INDEPENDENTLY_VERIFIED","2026-10-08","Spotify page count observed via web indexing; reconfirm live count and non-AI status before publishing"
"Statistical Blip","5","Almeria, Spain","https://open.spotify.com/artist/0DUNxtiyTfDzaV0X7JhJtx","2026 single","two-person band","CANDIDATE_NOT_APPROVED","NOT_INDEPENDENTLY_VERIFIED","2026-10-08","Spotify page count observed via web indexing; reconfirm live count and non-AI status before publishing"
"Struggles","2","Bangkok, Thailand","https://open.spotify.com/artist/2w0Oo3VuwJ6QBQbMS0ETcp","2026 EP","four named members","CANDIDATE_NOT_APPROVED","NOT_INDEPENDENTLY_VERIFIED","2026-10-08","Spotify page count observed via web indexing; reconfirm live count and non-AI status before publishing"
"ReStart!","2","Finland","https://open.spotify.com/artist/4ZHZS6zC0x6tLCm22DwhMn","2026 single","reformed Finnish rock band","CANDIDATE_NOT_APPROVED","NOT_INDEPENDENTLY_VERIFIED","2026-10-08","Spotify page count observed via web indexing; reconfirm live count and non-AI status before publishing"
"After an Eternity","1","Miami, Florida, USA","https://open.spotify.com/artist/6b6zXOEFJTCt1tAGyVW9Qj","2026 singles","band described; verify members","CANDIDATE_NOT_APPROVED","NOT_INDEPENDENTLY_VERIFIED","2026-10-08","Spotify page count observed via web indexing; reconfirm live count and non-AI status before publishing"
"TearFormer","1","Hartford, Connecticut, USA","https://open.spotify.com/artist/6z0qN1jvWtZe8I23oHM9tG","2026 album","human musicians named","CANDIDATE_NOT_APPROVED","NOT_INDEPENDENTLY_VERIFIED","2026-10-08","Spotify page count observed via web indexing; reconfirm live count and non-AI status before publishing"
"Blue Hours","1","Not confirmed","https://open.spotify.com/artist/05023Ke4LBAW4ecLZLnnuK","2026 singles","Felix, Benjamin and Lilli named","CANDIDATE_NOT_APPROVED","NOT_INDEPENDENTLY_VERIFIED","2026-10-08","Spotify page count observed via web indexing; reconfirm live count and non-AI status before publishing"
"Project 305","1","Illinois, USA","https://open.spotify.com/artist/3TGHGb1fePpFg1tshBZ1P0","2026 singles","studio group; named collaborators","CANDIDATE_NOT_APPROVED","NOT_INDEPENDENTLY_VERIFIED","2026-10-08","Spotify page count observed via web indexing; reconfirm live count and non-AI status before publishing"
"Gloomy","4","Bandung, Indonesia","https://open.spotify.com/artist/2ia0F9JdUE184cuecs9qfb","2026 EP","four named musicians","CANDIDATE_NOT_APPROVED","NOT_INDEPENDENTLY_VERIFIED","2026-10-08","Spotify page count observed via web indexing; reconfirm live count and non-AI status before publishing"
"Cross Atlantic","7","Kragujevac, Serbia","https://open.spotify.com/artist/54En2Ljxyarui1L3r2JC6J","2026 singles","five named musicians","CANDIDATE_NOT_APPROVED","NOT_INDEPENDENTLY_VERIFIED","2026-10-08","Spotify page count observed via web indexing; reconfirm live count and non-AI status before publishing"
"oWo","4","Not confirmed","https://open.spotify.com/artist/2UfePdhpke4qSUe4uBBti2","2026 EP","three named musicians","CANDIDATE_NOT_APPROVED","NOT_INDEPENDENTLY_VERIFIED","2026-10-08","Spotify page count observed via web indexing; reconfirm live count and non-AI status before publishing"
"The Last Recruit","4","United Kingdom (unconfirmed)","https://open.spotify.com/artist/2gt5aSREzYk0azlcGRYChY","2026 singles","three-piece live band","CANDIDATE_NOT_APPROVED","NOT_INDEPENDENTLY_VERIFIED","2026-10-08","Spotify page count observed via web indexing; reconfirm live count and non-AI status before publishing"
"MY NEW GEAR","8","Japan / England / Italy","https://open.spotify.com/artist/5aaixTn8mp2R1glOTEiUmL","2026 album","multinational band; verify individual members","CANDIDATE_NOT_APPROVED","NOT_INDEPENDENTLY_VERIFIED","2026-10-08","Spotify page count observed via web indexing; reconfirm live count and non-AI status before publishing"
"Tief","8","Bolzano, Italy","https://open.spotify.com/artist/2Ftlllo4mAffhCJiGiaU67","2026 album","three named musicians","CANDIDATE_NOT_APPROVED","NOT_INDEPENDENTLY_VERIFIED","2026-10-08","Spotify page count observed via web indexing; reconfirm live count and non-AI status before publishing"
"The Hashfi","8","Indonesia","https://open.spotify.com/artist/5s7mCKLduFH2vElhWsDOHY","2026 single","punk band; verify members","CANDIDATE_NOT_APPROVED","NOT_INDEPENDENTLY_VERIFIED","2026-10-08","Spotify page count observed via web indexing; reconfirm live count and non-AI status before publishing"
"Selikal","8","Not confirmed","https://open.spotify.com/artist/6MNd3YZVRjPzIgXVPUb6hA","2026 singles","four named musicians","CANDIDATE_NOT_APPROVED","NOT_INDEPENDENTLY_VERIFIED","2026-10-08","Spotify page count observed via web indexing; reconfirm live count and non-AI status before publishing"
