"artist","spotify_monthly_listeners_indexed","location_reported","spotify_artist_url","recent_activity_evidence","human_music_evidence","verification_status","ai_music_status","research_date","notes"
"Sodagar","3","Lampung, Indonesia","https://open.spotify.com/artist/6H0hp26ZhHiqMdRsThtLBd","2026 single","Three named band members","CANDIDATE_NOT_APPROVED","NOT_VERIFIED","2026-10-08","Search-indexed Spotify count, not a verified live snapshot; AI-free status requires further evidence"
"Jasper","8","Knoxville, Tennessee, USA","https://open.spotify.com/artist/2fLY39pNI9sOENwEKpI0TS","2026 single","Self-described three-piece alternative/emo band","CANDIDATE_NOT_APPROVED","NOT_VERIFIED","2026-10-08","Search-indexed Spotify count, not a verified live snapshot; AI-free status requires further evidence"
"Black Slivers","8","Northeast Italy","https://open.spotify.com/artist/4UUrBUWr2K7FhH6fN8wfqd","2026 live EP","Live street cover band","CANDIDATE_NOT_APPROVED","NOT_VERIFIED","2026-10-08","Search-indexed Spotify count, not a verified live snapshot; AI-free status requires further evidence"
"Grounds","5","South Florida, USA","https://open.spotify.com/artist/6TRW3JaWHRFQleS1A5kmI7","2025 single","Punk band with named frontman","CANDIDATE_NOT_APPROVED","NOT_VERIFIED","2026-10-08","Search-indexed Spotify count, not a verified live snapshot; AI-free status requires further evidence"
"S.P.e.N.T.","5","South Jersey, USA","https://open.spotify.com/artist/3IL5BUpb8mGcpkSnu5B9Ba","2026 single","Punk band history in artist bio","CANDIDATE_NOT_APPROVED","NOT_VERIFIED","2026-10-08","Search-indexed Spotify count, not a verified live snapshot; AI-free status requires further evidence"
"KattenHerrie","5","Netherlands","https://open.spotify.com/artist/2U8ARTWiOG0nWYQo4nnHMN","2026 EP","Named multi-instrumentalist Saskia Zweers","CANDIDATE_NOT_APPROVED","NOT_VERIFIED","2026-10-08","Search-indexed Spotify count, not a verified live snapshot; AI-free status requires further evidence"
"Mother","8","Latvia","https://open.spotify.com/artist/4N7YFBpRynC81vbHWVRmtE","2026 single","Self-described progressive rock band","CANDIDATE_NOT_APPROVED","NOT_VERIFIED","2026-10-08","Search-indexed Spotify count, not a verified live snapshot; AI-free status requires further evidence"
"Tombolo","3","Not confirmed","https://open.spotify.com/artist/3xePNLACQqlkaBt35MPf2g","2026 single","Band identity needs independent verification","CANDIDATE_NOT_APPROVED","NOT_VERIFIED","2026-10-08","Search-indexed Spotify count, not a verified live snapshot; AI-free status requires further evidence"
"SOUNDCHECK BAND","3","Not confirmed","https://open.spotify.com/artist/2BruKWocAQXxwdzQrnnGvE","2026 live album","Live recording; band membership needs verification","CANDIDATE_NOT_APPROVED","NOT_VERIFIED","2026-10-08","Search-indexed Spotify count, not a verified live snapshot; AI-free status requires further evidence"
"solarbodies","5","Not confirmed","https://open.spotify.com/artist/5LuNEzAsM0CNKV2UTM3A6x","2026 single","Post-punk project; human provenance needs verification","CANDIDATE_NOT_APPROVED","NOT_VERIFIED","2026-10-08","Search-indexed Spotify count, not a verified live snapshot; AI-free status requires further evidence"
"ГоСТ","5","Minsk, Belarus","https://open.spotify.com/artist/3OxipiibJXoGLpsPcwW9CU","2026 single","Named songwriter Evgeny Medvedev","CANDIDATE_NOT_APPROVED","NOT_VERIFIED","2026-10-08","Search-indexed Spotify count, not a verified live snapshot; AI-free status requires further evidence"
"Talksiiik","3","Not confirmed","https://open.spotify.com/artist/3TY1rq15vel7UkrQNlLh0d","2026 single","Artist biography reports earlier live performance","CANDIDATE_NOT_APPROVED","NOT_VERIFIED","2026-10-08","Search-indexed Spotify count, not a verified live snapshot; AI-free status requires further evidence"
"Mercy Belladonna","3","United Kingdom","https://open.spotify.com/artist/2YRDj54IASBo9oRPXDmllE","2026 single","Biography reports bass guitarist in former band","CANDIDATE_NOT_APPROVED","NOT_VERIFIED","2026-10-08","Search-indexed Spotify count, not a verified live snapshot; AI-free status requires further evidence"
"Band Member #2","8","Not confirmed","https://open.spotify.com/artist/3Gj47YCizHg5SWXp2fFU57","2026 album","Self-described lo-fi musician; verify instruments","CANDIDATE_NOT_APPROVED","NOT_VERIFIED","2026-10-08","Search-indexed Spotify count, not a verified live snapshot; AI-free status requires further evidence"
"A Ace Rock Band","3","Not confirmed","https://open.spotify.com/artist/2dLtRhDWMBz9lY4LNlddLF","2026 single","Artist identity and AI provenance unclear","CANDIDATE_NOT_APPROVED","NOT_VERIFIED","2026-10-08","Search-indexed Spotify count, not a verified live snapshot; AI-free status requires further evidence"
"viggo","5","Stockholm, Sweden","https://open.spotify.com/artist/1cGhRTzyFMGcpkYdH8Fjvp","2026 remaster","Self-described singer/songwriter and guitarist","CANDIDATE_NOT_APPROVED","NOT_VERIFIED","2026-10-08","Search-indexed Spotify count, not a verified live snapshot; AI-free status requires further evidence"
